{
  "id": "019cff3b-1727-45cf-8f3b-2dad74c76fd9",
  "template": "shellTool",
  "config": {
    "env": [],
    "executionTimeoutMs": 3600000,
    "idleTimeoutMs": 60000
  },
  "dynamicConfig": null,
  "position": {
    "x": 1169.0069754361982,
    "y": 160.66468279563708
  }
}